{"initial_reset_timestamp": 1514456586.7429383, "timestamps": [1514456596.7713928, 1514456608.4360063, 1514456608.577649, 1514456608.6384876, 1514456608.7128341, 1514456608.7725816, 1514456608.8479683, 1514456608.9089096, 1514456618.142001, 1514456618.275512, 1514456618.3386657, 1514456618.4099295, 1514456618.4614835, 1514456618.5160105, 1514456618.5716183, 1514456618.6377523, 1514456618.6948435, 1514456618.75323, 1514456618.822297, 1514456618.891565, 1514456618.9517133, 1514456619.0269146, 1514456619.0886059, 1514456619.1469848, 1514456619.205645, 1514456619.2704427, 1514456619.329419, 1514456629.903304, 1514456630.0486822, 1514456630.1320095, 1514456630.2044542, 1514456630.2719097, 1514456630.3414266, 1514456630.3940773, 1514456630.4629822, 1514456630.5295682, 1514456630.6001368, 1514456630.6519132, 1514456630.718506, 1514456630.7738616, 1514456630.8299496, 1514456630.8888597, 1514456630.9486809, 1514456631.009836, 1514456631.0881956, 1514456631.152507, 1514456631.2081454, 1514456631.2761524, 1514456631.338727, 1514456631.4125247, 1514456631.4706428, 1514456631.5300853, 1514456631.6100698, 1514456631.6643176, 1514456631.718826, 1514456631.787758, 1514456631.85571, 1514456631.905175, 1514456631.9577703, 1514456632.0288737, 1514456632.0941546, 1514456632.1614277, 1514456632.2190993, 1514456632.2804623, 1514456642.3599887, 1514456642.5092921, 1514456642.5739746, 1514456642.6489272, 1514456642.7159693, 1514456642.771638, 1514456642.835222, 1514456642.8908656, 1514456642.953749, 1514456643.020357, 1514456643.091548, 1514456643.1574168, 1514456643.226886, 1514456643.30515, 1514456643.3565884, 1514456643.42764, 1514456643.4737148, 1514456643.5392864, 1514456643.607498, 1514456643.6657429, 1514456643.7195797, 1514456643.7708824, 1514456643.8303118, 1514456643.889845, 1514456643.9432395, 1514456644.0037901, 1514456644.0707164, 1514456644.1301022, 1514456644.1958563, 1514456644.2501106, 1514456644.3153484, 1514456644.3737729, 1514456644.4359467, 1514456644.4920614, 1514456644.561793, 1514456644.6241863], "episode_lengths": [646, 790, 870, 691, 821, 695, 861, 681, 633, 731, 723, 812, 568, 617, 613, 747, 629, 669, 802, 777, 677, 869, 708, 626, 632, 695, 651, 710, 771, 765, 822, 769, 781, 607, 786, 735, 789, 583, 753, 635, 630, 605, 677, 702, 851, 692, 661, 763, 701, 816, 656, 683, 856, 585, 613, 783, 743, 554, 604, 828, 718, 694, 665, 688, 689, 636, 732, 843, 760, 633, 748, 614, 713, 768, 816, 730, 794, 906, 608, 782, 522, 740, 777, 661, 604, 593, 688, 658, 601, 691, 776, 675, 743, 627, 752, 658, 708, 650, 790, 679], "episode_rewards": [646.0, 790.0, 870.0, 691.0, 821.0, 695.0, 861.0, 681.0, 633.0, 731.0, 723.0, 812.0, 568.0, 617.0, 613.0, 747.0, 629.0, 669.0, 802.0, 777.0, 677.0, 869.0, 708.0, 626.0, 632.0, 695.0, 651.0, 710.0, 771.0, 765.0, 822.0, 769.0, 781.0, 607.0, 786.0, 735.0, 789.0, 583.0, 753.0, 635.0, 630.0, 605.0, 677.0, 702.0, 851.0, 692.0, 661.0, 763.0, 701.0, 816.0, 656.0, 683.0, 856.0, 585.0, 613.0, 783.0, 743.0, 554.0, 604.0, 828.0, 718.0, 694.0, 665.0, 688.0, 689.0, 636.0, 732.0, 843.0, 760.0, 633.0, 748.0, 614.0, 713.0, 768.0, 816.0, 730.0, 794.0, 906.0, 608.0, 782.0, 522.0, 740.0, 777.0, 661.0, 604.0, 593.0, 688.0, 658.0, 601.0, 691.0, 776.0, 675.0, 743.0, 627.0, 752.0, 658.0, 708.0, 650.0, 790.0, 679.0], "episode_types": ["t", "t", "t", "t", "t", "t", "t", "t", "t", "t", "t", "t", "t", "t", "t", "t", "t", "t", "t", "t", "t", "t", "t", "t", "t", "t", "t", "t", "t", "t", "t", "t", "t", "t", "t", "t", "t", "t", "t", "t", "t", "t", "t", "t", "t", "t", "t", "t", "t", "t", "t", "t", "t", "t", "t", "t", "t", "t", "t", "t", "t", "t", "t", "t", "t", "t", "t", "t", "t", "t", "t", "t", "t", "t", "t", "t", "t", "t", "t", "t", "t", "t", "t", "t", "t", "t", "t", "t", "t", "t", "t", "t", "t", "t", "t", "t", "t", "t", "t", "t"]}